id,name,store
AXXX1,San Jose,"28.570485,77.324713"
AXXX2,Palo Alto,"28.642211,77.373445"
AXXX3,Los Angeles,"28.620588,77.311854"
AXXX4,Fremont,"28.721514,77.109313"
AXXX5,Phoenix,"28.449696,77.044327"
AXXX6,San Diego,"28.671499,77.097522"
AXXX7,Riverside,"19.111632,72.865626"
AXXX8,Denver,"13.085665,80.253500"
AXXX9,SanPablo,"17.412902,78.429074"
AXXX10,Saratoga,"12.965059,77.598968"